"$399.99 Only for Original Xiaomi M365 Folding Electric Scooter Europe Version - Black","Outdoors & Sports",0,GBM365399,"2019-03-27 00:00:00","2019-04-30 00:00:00",en,https://www.gearbest.com/scooters-and-wheels/pp_974669.html?wid=1241548,https://www.gearbest.com/scooters-and-wheels/pp_974669.html?wid=1241548&lkid=20138277,1,380.25,https://gloimg.gbtcdn.com/soa/gb/pdm-product-pic/Electronic/2017/10/12/goods_img-v1/20171012174506_68095.jpg,399.99,
"$429.99 for Ninebot Segway ES2 Folding Electric Scooter from Xiaomi Mijia","Outdoors & Sports",0,GBES2CN099,"2019-02-20 00:00:00","2020-04-01 00:00:00",en,https://www.gearbest.com/scooters-wheels/pp_009224864504.html,https://www.gearbest.com/scooters-wheels/pp_009224864504.html?lkid=20138277,1,499.00,https://gloimg.gbtcdn.com/soa/gb/pdm-product-pic/Electronic/2018/09/07/goods_img-v7/20180907100633_31580.jpg,429.99,
"Alfawise S420 220Wh Portable Electricity Power Station Battery Generator - Blue Japan Plug (2-pin)","Outdoors & Sports",20,N686PVR7CI,"2019-03-30 00:00:00","2019-05-01 23:59:59",en,https://www.gearbest.com/other-survival-emergency-gears/pp_009866284485.html?wid=1065697,https://www.gearbest.com/other-survival-emergency-gears/pp_009866284485.html?wid=1065697&lkid=20138277,1,313.25,https://gloimg.gbtcdn.com/soa/gb/pdm-product-pic/Electronic/2019/03/22/goods_img-v22/20190322104526_53870.jpg,129.99,
"COZZINE CZ - 3002 - G01 Super Cooling Towel","Outdoors & Sports",30,GB321AN29,"2019-03-23 00:00:00","2019-04-19 23:59:59",en,https://www.gearbest.com/yoga-accessories/pp_1709752.html?wid=1214279,https://www.gearbest.com/yoga-accessories/pp_1709752.html?wid=1214279&lkid=20138277,1,2.93,https://gloimg.gbtcdn.com/soa/gb/pdm-product-pic/Other/2018/04/03/goods_img-v1/20180403180513_55075.jpg,2.79,
"FIIDO D2 Folding Moped Electric Bike E-bike - Slate Gray","Outdoors & Sports",10,GBPAULOUT,"2019-03-26 00:00:00","2019-04-30 23:59:59",en,https://www.gearbest.com/electric-bikes/pp_009883161626.html?wid=1101231,https://www.gearbest.com/electric-bikes/pp_009883161626.html?wid=1101231&lkid=20138277,1,438.84,https://gloimg.gbtcdn.com/soa/gb/pdm-product-pic/Electronic/2018/07/09/goods_img-v1/20180709112317_79657.jpg,529.99,
"FLOUREON 22 Channel Twin Walkie Talkies UHF462-467MHZ 2-Way Radio 3 Km Range Blue - Blue","Outdoors & Sports",50,OUTDOORDEAL17,"2019-04-11 00:00:00","2019-05-11 23:59:59",en,https://www.gearbest.com/walkie-talkies/pp_009552803522.html?wid=1433363,https://www.gearbest.com/walkie-talkies/pp_009552803522.html?wid=1433363&lkid=20138277,1,19.50,https://gloimg.gbtcdn.com/soa/gb/ebay/2017/201702/20170222/goods-img/1523294000135335484.jpg,15.99,
"FLOUREON 8 Channel 4 Pack Twin Walkie Talkies 2-Way Radio 3KM Range Interphone - Red","Outdoors & Sports",40,OUTDOORDEAL18,"2019-04-11 00:00:00","2019-05-11 23:59:59",en,https://www.gearbest.com/outdoors-sports/pp_1687872.html?wid=1433363,https://www.gearbest.com/outdoors-sports/pp_1687872.html?wid=1433363&lkid=20138277,1,28.61,https://gloimg.gbtcdn.com/soa/gb/pdm-product-pic/Ebay/2018/11/01/goods_img-v3/20181101094947_39990.jpg,28.99,
"FLOUREON XF - 638 8 Channel Twin PMR446MHZ 2 - way Radio 3KM Range Interphone Walkie Talkies - Red","Outdoors & Sports",100,OUTDOORDEAL15,"2019-04-11 00:00:00","2019-05-11 23:59:59",en,https://www.gearbest.com/walkie-talkies/pp_568254.html?wid=1451296,https://www.gearbest.com/walkie-talkies/pp_568254.html?wid=1451296&lkid=20138277,1,16.21,https://gloimg.gbtcdn.com/soa/gb/pdm-product-pic/Ebay/2019/01/21/goods_img-v2/20190121154213_27256.jpg,15.99,
"FLOUREON XF - 638 8 Channel Twin PMR446MHZ 2 - way Radio 3KM Range Interphone Walkie Talkies - Red","Outdoors & Sports",100,OUTDOORDEAL16,"2019-04-11 00:00:00","2019-05-11 23:59:59",en,https://www.gearbest.com/walkie-talkies/pp_568254.html?wid=1004814,https://www.gearbest.com/walkie-talkies/pp_568254.html?wid=1004814&lkid=20138277,1,16.21,https://gloimg.gbtcdn.com/soa/gb/pdm-product-pic/Ebay/2019/01/21/goods_img-v2/20190121154213_27256.jpg,18.99,
"FLOUREON XF - 638 8 Channels Walkie Talkies 2pcs - Papaya Orange","Outdoors & Sports",100,OUTDOORDEAL19,"2019-04-11 00:00:00","2019-05-11 23:59:59",en,https://www.gearbest.com/walkie-talkies/pp_568250.html?wid=1422600,https://www.gearbest.com/walkie-talkies/pp_568250.html?wid=1422600&lkid=20138277,1,16.15,https://gloimg.gbtcdn.com/soa/gb/pdm-product-pic/Ebay/2019/02/15/goods_img-v5/20190215111412_76537.jpg,19.99,
"FLOUREON XF - 638 8 Channels Walkie Talkies 2pcs - Papaya Orange","Outdoors & Sports",100,OUTDOORDEAL20,"2019-04-11 00:00:00","2019-05-11 23:59:59",en,https://www.gearbest.com/walkie-talkies/pp_568250.html?wid=1451296,https://www.gearbest.com/walkie-talkies/pp_568250.html?wid=1451296&lkid=20138277,1,16.15,https://gloimg.gbtcdn.com/soa/gb/pdm-product-pic/Ebay/2019/02/15/goods_img-v5/20190215111412_76537.jpg,15.99,
"GAMEIT 40X60 HD Mini Monocular Telescope with Tripod","Outdoors & Sports",100,OUTDOORDEAL6,"2019-04-02 00:00:00","2019-05-01 23:59:59",en,https://www.gearbest.com/binoculars-and-telescopes/pp_1630000.html?wid=1433363,https://www.gearbest.com/binoculars-and-telescopes/pp_1630000.html?wid=1433363&lkid=20138277,1,13.04,https://gloimg.gbtcdn.com/soa/gb/pdm-product-pic/Distribution/2018/02/01/goods_img-v1/20180201100727_86109.jpg,13.99,
"Ganzo Firebird F759M - BK Back Lock Pocket Folding Hunting Knife - Black","Outdoors & Sports",200,GBIGS618-YY,"2019-03-20 00:00:00","2019-04-30 23:59:59",en,https://www.gearbest.com/bike-computers/pp_009319548276.html?wid=1433363,https://www.gearbest.com/bike-computers/pp_009319548276.html?wid=1433363&lkid=20138277,1,9.31,https://gloimg.gbtcdn.com/soa/gb/pdm-product-pic/Electronic/2018/06/27/goods_img-v1/20180627162440_97068.jpg,109.99,
"Gocomma 021 Liner Lock Folding Knife","Outdoors & Sports",100,OUTDOORDEAL10,"2019-04-02 00:00:00","2019-05-01 23:59:59",en,https://www.gearbest.com/pocket-knives-folding-knives/pp_009153744948.html?wid=1433363,https://www.gearbest.com/pocket-knives-folding-knives/pp_009153744948.html?wid=1433363&lkid=20138277,1,13.99,https://gloimg.gbtcdn.com/soa/gb/pdm-product-pic/Electronic/2018/11/13/goods_img-v1/20181113181627_76689.jpg,5.99,
"Gocomma 20L Waterproof Dry Bag for Skiing Kayaking - Black","Outdoors & Sports",30,GBOSQC101,"2019-04-03 00:00:00","2019-04-30 23:59:59",en,https://www.gearbest.com/other-water-sports-accessories/pp_009979199896.html?wid=1433363,https://www.gearbest.com/other-water-sports-accessories/pp_009979199896.html?wid=1433363&lkid=20138277,1,17.27,https://gloimg.gbtcdn.com/soa/gb/pdm-product-pic/Electronic/2018/08/06/goods_img-v1/20180806150157_93650.jpg,7.99,
"Gocomma 8 Inch Electric Scooter Solid Tyre for Ninebot ES2 / ES1 - BLACK","Outdoors & Sports",100,OUTDOORDEAL12,"2019-04-02 00:00:00","2019-05-01 23:59:59",en,https://www.gearbest.com/skateboard/pp_009211284180.html?wid=1433363,https://www.gearbest.com/skateboard/pp_009211284180.html?wid=1433363&lkid=20138277,1,22.99,https://gloimg.gbtcdn.com/soa/gb/pdm-product-pic/Electronic/2018/11/15/goods_img-v1/20181115163343_55213.jpg,14.99,
"Gocomma 8-channel 2-way Radio Walkie Talkie 2PCS","Outdoors & Sports",100,OUTDOORDEAL8,"2019-04-02 00:00:00","2019-05-01 23:59:59",en,https://www.gearbest.com/walkie-talkies/pp_009670343559.html?wid=1433363,https://www.gearbest.com/walkie-talkies/pp_009670343559.html?wid=1433363&lkid=20138277,1,21.53,https://gloimg.gbtcdn.com/soa/gb/pdm-product-pic/Electronic/2018/10/23/goods_img-v17/20181023111248_56510.jpg,13.99,
"Gocomma Bicycle Repair Tool Kit","Outdoors & Sports",50,OUTDOORDEAL4,"2019-04-01 00:00:00","2019-05-01 23:59:59",en,https://www.gearbest.com/bike-tools/pp_009374714354.html?wid=1433363,https://www.gearbest.com/bike-tools/pp_009374714354.html?wid=1433363&lkid=20138277,1,31.52,https://gloimg.gbtcdn.com/soa/gb/pdm-product-pic/Electronic/2019/03/25/goods_img-v1/20190325112528_69000.jpg,18.99,
"Gocomma H2098A Multi-function Pliers with Flintstone","Outdoors & Sports",50,OUTDOORDEAL3,"2019-04-01 00:00:00","2019-05-01 23:59:59",en,https://www.gearbest.com/multitools/pp_009156164582.html?wid=1433363,https://www.gearbest.com/multitools/pp_009156164582.html?wid=1433363&lkid=20138277,1,28.99,https://gloimg.gbtcdn.com/soa/gb/pdm-product-pic/Electronic/2018/10/26/goods_img-v1/20181026144909_48887.jpg,13.99,
"Gocomma Multi-function Outdoor Survival Carabiner","Outdoors & Sports",20,OUTDOORDEAL13,"2019-04-02 00:00:00","2019-05-01 23:59:59",en,https://www.gearbest.com/edc-tools/pp_009462445073.html?wid=1433363,https://www.gearbest.com/edc-tools/pp_009462445073.html?wid=1433363&lkid=20138277,1,5.99,https://gloimg.gbtcdn.com/soa/gb/pdm-product-pic/Electronic/2019/02/16/goods_img-v3/20190216133709_61046.jpg,3.99,
"Gocomma Multifunction Bicycle Speaker","Outdoors & Sports",20,OUTDOORDEAL14,"2019-04-02 00:00:00","2019-05-01 23:59:59",en,https://www.gearbest.com/bike-lights/pp_009954583486.html?wid=1433363,https://www.gearbest.com/bike-lights/pp_009954583486.html?wid=1433363&lkid=20138277,1,64.67,https://gloimg.gbtcdn.com/soa/gb/pdm-product-pic/Electronic/2019/01/10/goods_img-v5/20190110151458_44054.jpg,39.99,
"Gocomma Original Xiaomi M365 / Alfawise M1 Electric Scooter Inner Tire","Outdoors & Sports",50,OUTDOORDEAL1,"2019-04-01 00:00:00","2019-05-01 23:59:59",en,https://www.gearbest.com/kick-scooter/pp_009151186608.html?wid=1433363,https://www.gearbest.com/kick-scooter/pp_009151186608.html?wid=1433363&lkid=20138277,1,9.99,https://gloimg.gbtcdn.com/soa/gb/pdm-product-pic/Electronic/2018/10/11/goods_img-v2/20181011154456_34049.jpg,3.99,
"Gocomma Outdoor Multi-purpose Pliers with LED Flashlight","Outdoors & Sports",50,OUTDOORDEAL2,"2019-04-01 00:00:00","2019-05-01 23:59:59",en,https://www.gearbest.com/multitools/pp_009887239412.html?wid=1433363,https://www.gearbest.com/multitools/pp_009887239412.html?wid=1433363&lkid=20138277,1,11.71,https://gloimg.gbtcdn.com/soa/gb/pdm-product-pic/Electronic/2018/11/26/goods_img-v3/20181126181139_90435.jpg,7.99,
"Gocomma Quick Open Folding Knife","Outdoors & Sports",100,OUTDOORDEAL11,"2019-04-02 00:00:00","2019-05-01 23:59:59",en,https://www.gearbest.com/pocket-knives-folding-knives/pp_009152095568.html?wid=1433363,https://www.gearbest.com/pocket-knives-folding-knives/pp_009152095568.html?wid=1433363&lkid=20138277,1,14.87,https://gloimg.gbtcdn.com/soa/gb/pdm-product-pic/Electronic/2018/11/05/goods_img-v3/20181105122939_79426.jpg,10.99,
"Gocomma Waterproof Camping Lantern Multifunctional Camping Lanterns","Outdoors & Sports",100,OUTDOORDEAL7,"2019-04-02 00:00:00","2019-05-01 23:59:59",en,https://www.gearbest.com/outdoor-lanterns/pp_009655265079.html?wid=1433363,https://www.gearbest.com/outdoor-lanterns/pp_009655265079.html?wid=1433363&lkid=20138277,1,22.93,https://gloimg.gbtcdn.com/soa/gb/pdm-product-pic/Electronic/2018/10/24/goods_img-v1/20181024152500_75879.jpg,15.99,
"INMOTION V5F Electric Unicycle","Outdoors & Sports",9999,GBV5FBW,"2018-12-07 00:00:00","2019-04-30 23:59:59",en,https://www.gearbest.com/scooters-wheels/pp_009620348751.html?wid=1433363,https://www.gearbest.com/scooters-wheels/pp_009620348751.html?wid=1433363&lkid=20138277,1,375.97,https://gloimg.gbtcdn.com/soa/gb/pdm-product-pic/Electronic/2018/09/17/goods_img-v1/20180917145339_55149.jpg,399.99,
"Ninebot Segway ES2 Folding Electric Scooter from Xiaomi Mijia","Outdoors & Sports",0,GBB5ES2FR,"2019-02-13 00:00:00","2019-12-31 00:00:00",en,https://www.gearbest.com/scooters-wheels/pp_009224864504.html?wid=1241548,https://www.gearbest.com/scooters-wheels/pp_009224864504.html?wid=1241548&lkid=20138277,1,499.00,https://gloimg.gbtcdn.com/soa/gb/pdm-product-pic/Electronic/2018/09/07/goods_img-v7/20180907100633_31580.jpg,429.99,
"Utorch Bicycle Tricolor Taillights","Outdoors & Sports",100,OUTDOORDEAL9,"2019-04-02 00:00:00","2019-05-01 23:59:59",en,https://www.gearbest.com/digital-camera/pp_009307766965.html?wid=1433363,https://www.gearbest.com/digital-camera/pp_009307766965.html?wid=1433363&lkid=20138277,1,9.54,https://gloimg.gbtcdn.com/soa/gb/pdm-product-pic/Electronic/2018/10/11/goods_img-v1/20181011151444_64341.jpg,7.99,
"Utorch DT - 7505 USB Charging Waterproof Bike Warning Light","Outdoors & Sports",50,OUTDOORDEAL5,"2019-04-01 00:00:00","2019-05-01 23:59:59",en,https://www.gearbest.com/bike-lights/pp_009819636040.html?wid=1433363,https://www.gearbest.com/bike-lights/pp_009819636040.html?wid=1433363&lkid=20138277,1,8.88,https://gloimg.gbtcdn.com/soa/gb/pdm-product-pic/Electronic/2018/09/29/goods_img-v1/20180929114008_38026.jpg,5.99,
"ZANMAX 1101 Lockback Pocket Folding Knife","Outdoors & Sports",30,GB321AN05,"2019-03-20 00:00:00","2019-04-19 23:59:59",en,https://www.gearbest.com/pocket-knives-and-folding-knives/pp_683600.html?wid=1214279,https://www.gearbest.com/pocket-knives-and-folding-knives/pp_683600.html?wid=1214279&lkid=20138277,1,11.07,https://gloimg.gbtcdn.com/gb/pdm-product-pic/Electronic/2017/08/25/goods-img/1516938671325187896.jpg,9.59,
"ZANMAX DM120G Right-hand Baitcast Fishing Reel","Outdoors & Sports",30,GB321AN21,"2019-03-22 00:00:00","2019-04-19 23:59:59",en,https://www.gearbest.com/fishing-reels/pp_009449076726.html?wid=1214279,https://www.gearbest.com/fishing-reels/pp_009449076726.html?wid=1214279&lkid=20138277,1,36.95,https://gloimg.gbtcdn.com/soa/gb/pdm-product-pic/Electronic/2018/07/06/goods_img-v1/20180706152604_35329.jpg,34.99,
"ZANMAX PYM3789 4 Digital Password Lock Cable with LED Light","Outdoors & Sports",30,GB321AN46,"2019-03-25 00:00:00","2019-04-21 23:59:59",en,https://www.gearbest.com/bike-accessories/pp_009417060754.html?wid=1214279,https://www.gearbest.com/bike-accessories/pp_009417060754.html?wid=1214279&lkid=20138277,1,12.28,https://gloimg.gbtcdn.com/soa/gb/pdm-product-pic/Electronic/2018/05/07/goods_img-v1/20180507094818_17961.jpg,11.99,
